{"responses": {"2022-05-15 19:11:20": {"listDevices": [], "single_values": {"ESS_battery": 5.12877133041461, "EV_battery": 0.0, "consumption": 2.0173574691666634}}}}